<?xml version="1.0" encoding="UTF-8"?>
<project-private xmlns="http://www.netbeans.org/ns/project-private/1">
    <editor-bookmarks xmlns="http://www.netbeans.org/ns/editor-bookmarks/2" lastBookmarkId="0"/>
    <open-files xmlns="http://www.netbeans.org/ns/projectui-open-files/2">
        <group>
            <file>file:/Users/ernesto/Dropbox/Universidad/3er%20Curso/SMM/Prácticas/Practica_Final/src/sm/InternalWindowWebCam.java</file>
            <file>file:/Users/ernesto/Dropbox/Universidad/3er%20Curso/SMM/Prácticas/Practica_Final/src/sm/InternalWindowVideoPlayer.java</file>
            <file>file:/Users/ernesto/Dropbox/Universidad/3er%20Curso/SMM/Prácticas/Practica_Final/src/sm/Practica_Final.java</file>
            <file>file:/Users/ernesto/Dropbox/Universidad/3er%20Curso/SMM/Prácticas/Practica_Final/src/sm/HistogramWindow.java</file>
            <file>file:/Users/ernesto/Dropbox/Universidad/3er%20Curso/SMM/Prácticas/Practica_Final/src/sm/InternalWindowImage.java</file>
            <file>file:/Users/ernesto/Dropbox/Universidad/3er%20Curso/SMM/Prácticas/Practica_Final/src/sm/MainWindow.java</file>
            <file>file:/Users/ernesto/Dropbox/Universidad/3er%20Curso/SMM/Prácticas/Practica_Final/src/sm/InternalWindowAudioPlayer.java</file>
            <file>file:/Users/ernesto/Dropbox/Universidad/3er%20Curso/SMM/Prácticas/Practica_Final/src/sm/VideoPlayer.java</file>
            <file>file:/Users/ernesto/Dropbox/Universidad/3er%20Curso/SMM/Prácticas/Practica_Final/src/sm/InternalWindowVideoPlayer.form</file>
        </group>
    </open-files>
</project-private>
