<?xml version="1.0" encoding="UTF-8"?>
<project-private xmlns="http://www.netbeans.org/ns/project-private/1">
    <editor-bookmarks xmlns="http://www.netbeans.org/ns/editor-bookmarks/2" lastBookmarkId="0"/>
    <open-files xmlns="http://www.netbeans.org/ns/projectui-open-files/2">
        <group>
            <file>file:/Users/ernesto/Dropbox/Universidad/3er%20Curso/SMM/Prácticas/Practica13/src/smm/InternalWindowImage.java</file>
            <file>file:/Users/ernesto/Dropbox/Universidad/3er%20Curso/SMM/Prácticas/Practica13/src/smm/InternalWindowWebCam.java</file>
            <file>file:/Users/ernesto/Dropbox/Universidad/3er%20Curso/SMM/Prácticas/Practica13/src/smm/MainWindow.java</file>
            <file>file:/Users/ernesto/Dropbox/Universidad/3er%20Curso/SMM/Prácticas/Practica13/src/smm/InternalWindowAudioPlayer.java</file>
        </group>
    </open-files>
</project-private>
