<?xml version="1.0" encoding="UTF-8"?>
<project-private xmlns="http://www.netbeans.org/ns/project-private/1">
    <editor-bookmarks xmlns="http://www.netbeans.org/ns/editor-bookmarks/2" lastBookmarkId="0"/>
    <open-files xmlns="http://www.netbeans.org/ns/projectui-open-files/2">
        <group>
            <file>file:/Users/ernesto/Dropbox/Universidad/3er%20Curso/SMM/Prácticas/sm.esc.library/src/sm/esc/ui/StrokeChooserComboBox.java</file>
            <file>file:/Users/ernesto/Dropbox/Universidad/3er%20Curso/SMM/Prácticas/sm.esc.library/src/sm/esc/base/Config.java</file>
            <file>file:/Users/ernesto/Dropbox/Universidad/3er%20Curso/SMM/Prácticas/sm.esc.library/src/sm/esc/graphics/Shape.java</file>
        </group>
    </open-files>
</project-private>
